<!--

This file contains a list of all the packages and their versions which were released in ASP.NET Core 6.0.x.
Update this list when preparing for a new patch.

-->
<Baseline Version="6.0.0">
  <Package Id="AspNetCoreRuntime.6.0.x64" Version="6.0.0" />
  <Package Id="AspNetCoreRuntime.6.0.x86" Version="6.0.0" />
  <Package Id="dotnet-sql-cache" Version="6.0.0" />
  <Package Id="Microsoft.AspNetCore.ApiAuthorization.IdentityServer" Version="6.0.0" />
  <Package Id="Microsoft.AspNetCore.App.Ref" Version="6.0.0" />
  <Package Id="Microsoft.AspNetCore.App.Runtime.linux-arm" Version="6.0.0" />
  <Package Id="Microsoft.AspNetCore.App.Runtime.linux-arm64" Version="6.0.0" />
  <Package Id="Microsoft.AspNetCore.App.Runtime.linux-musl-arm" Version="6.0.0" />
  <Package Id="Microsoft.AspNetCore.App.Runtime.linux-musl-arm64" Version="6.0.0" />
  <Package Id="Microsoft.AspNetCore.App.Runtime.linux-musl-x64" Version="6.0.0" />
  <Package Id="Microsoft.AspNetCore.App.Runtime.linux-x64" Version="6.0.0" />
  <Package Id="Microsoft.AspNetCore.App.Runtime.osx-arm64" Version="6.0.0" />
  <Package Id="Microsoft.AspNetCore.App.Runtime.osx-x64" Version="6.0.0" />
  <Package Id="Microsoft.AspNetCore.App.Runtime.win-arm" Version="6.0.0" />
  <Package Id="Microsoft.AspNetCore.App.Runtime.win-arm64" Version="6.0.0" />
  <Package Id="Microsoft.AspNetCore.App.Runtime.win-x64" Version="6.0.0" />
  <Package Id="Microsoft.AspNetCore.App.Runtime.win-x86" Version="6.0.0" />
  <Package Id="Microsoft.AspNetCore.Authentication.AzureAD.UI" Version="6.0.0" />
  <Package Id="Microsoft.AspNetCore.Authentication.AzureADB2C.UI" Version="6.0.0" />
  <Package Id="Microsoft.AspNetCore.Authentication.Certificate" Version="6.0.0" />
  <Package Id="Microsoft.AspNetCore.Authentication.Facebook" Version="6.0.0" />
  <Package Id="Microsoft.AspNetCore.Authentication.Google" Version="6.0.0" />
  <Package Id="Microsoft.AspNetCore.Authentication.JwtBearer" Version="6.0.0" />
  <Package Id="Microsoft.AspNetCore.Authentication.MicrosoftAccount" Version="6.0.0" />
  <Package Id="Microsoft.AspNetCore.Authentication.Negotiate" Version="6.0.0" />
  <Package Id="Microsoft.AspNetCore.Authentication.OpenIdConnect" Version="6.0.0" />
  <Package Id="Microsoft.AspNetCore.Authentication.Twitter" Version="6.0.0" />
  <Package Id="Microsoft.AspNetCore.Authentication.WsFederation" Version="6.0.0" />
  <Package Id="Microsoft.AspNetCore.Authorization" Version="6.0.0" />
  <Package Id="Microsoft.AspNetCore.AzureAppServices.HostingStartup" Version="6.0.0" />
  <Package Id="Microsoft.AspNetCore.AzureAppServices.SiteExtension" Version="6.0.0" />
  <Package Id="Microsoft.AspNetCore.AzureAppServicesIntegration" Version="6.0.0" />
  <Package Id="Microsoft.AspNetCore.Components" Version="6.0.0" />
  <Package Id="Microsoft.AspNetCore.Components.Analyzers" Version="6.0.0" />
  <Package Id="Microsoft.AspNetCore.Components.Authorization" Version="6.0.0" />
  <Package Id="Microsoft.AspNetCore.Components.Forms" Version="6.0.0" />
  <Package Id="Microsoft.AspNetCore.Components.Web" Version="6.0.0" />
  <Package Id="Microsoft.AspNetCore.Components.WebAssembly" Version="6.0.0" />
  <Package Id="Microsoft.AspNetCore.Components.WebAssembly.Authentication" Version="6.0.0" />
  <Package Id="Microsoft.AspNetCore.Components.WebAssembly.DevServer" Version="6.0.0" />
  <Package Id="Microsoft.AspNetCore.Components.WebAssembly.Server" Version="6.0.0" />
  <Package Id="Microsoft.AspNetCore.Components.WebView" Version="6.0.0" />
  <Package Id="Microsoft.AspNetCore.ConcurrencyLimiter" Version="6.0.0" />
  <Package Id="Microsoft.AspNetCore.Connections.Abstractions" Version="6.0.0" />
  <Package Id="Microsoft.AspNetCore.Cryptography.Internal" Version="6.0.0" />
  <Package Id="Microsoft.AspNetCore.Cryptography.KeyDerivation" Version="6.0.0" />
  <Package Id="Microsoft.AspNetCore.DataProtection" Version="6.0.0" />
  <Package Id="Microsoft.AspNetCore.DataProtection.Abstractions" Version="6.0.0" />
  <Package Id="Microsoft.AspNetCore.DataProtection.EntityFrameworkCore" Version="6.0.0" />
  <Package Id="Microsoft.AspNetCore.DataProtection.Extensions" Version="6.0.0" />
  <Package Id="Microsoft.AspNetCore.DataProtection.StackExchangeRedis" Version="6.0.0" />
  <Package Id="Microsoft.AspNetCore.Diagnostics.EntityFrameworkCore" Version="6.0.0" />
  <Package Id="Microsoft.AspNetCore.HeaderPropagation" Version="6.0.0" />
  <Package Id="Microsoft.AspNetCore.Hosting.WindowsServices" Version="6.0.0" />
  <Package Id="Microsoft.AspNetCore.Http.Connections.Client" Version="6.0.0" />
  <Package Id="Microsoft.AspNetCore.Http.Connections.Common" Version="6.0.0" />
  <Package Id="Microsoft.AspNetCore.Identity.EntityFrameworkCore" Version="6.0.0" />
  <Package Id="Microsoft.AspNetCore.Identity.UI" Version="6.0.0" />
  <Package Id="Microsoft.AspNetCore.JsonPatch" Version="6.0.0" />
  <Package Id="Microsoft.AspNetCore.Metadata" Version="6.0.0" />
  <Package Id="Microsoft.AspNetCore.MiddlewareAnalysis" Version="6.0.0" />
  <Package Id="Microsoft.AspNetCore.Mvc.NewtonsoftJson" Version="6.0.0" />
  <Package Id="Microsoft.AspNetCore.Mvc.Razor.Extensions" Version="6.0.0" />
  <Package Id="Microsoft.AspNetCore.Mvc.Razor.RuntimeCompilation" Version="6.0.0" />
  <Package Id="Microsoft.AspNetCore.Mvc.Testing" Version="6.0.0" />
  <Package Id="Microsoft.AspNetCore.Owin" Version="6.0.0" />
  <Package Id="Microsoft.AspNetCore.Razor.Language" Version="6.0.0" />
  <Package Id="Microsoft.AspNetCore.Server.Kestrel.Transport.Libuv" Version="6.0.0" />
  <Package Id="Microsoft.AspNetCore.SignalR.Client" Version="6.0.0" />
  <Package Id="Microsoft.AspNetCore.SignalR.Client.Core" Version="6.0.0" />
  <Package Id="Microsoft.AspNetCore.SignalR.Common" Version="6.0.0" />
  <Package Id="Microsoft.AspNetCore.SignalR.Protocols.Json" Version="6.0.0" />
  <Package Id="Microsoft.AspNetCore.SignalR.Protocols.MessagePack" Version="6.0.0" />
  <Package Id="Microsoft.AspNetCore.SignalR.Protocols.NewtonsoftJson" Version="6.0.0" />
  <Package Id="Microsoft.AspNetCore.SignalR.Specification.Tests" Version="6.0.0" />
  <Package Id="Microsoft.AspNetCore.SignalR.StackExchangeRedis" Version="6.0.0" />
  <Package Id="Microsoft.AspNetCore.SpaProxy" Version="6.0.0" />
  <Package Id="Microsoft.AspNetCore.SpaServices.Extensions" Version="6.0.0" />
  <Package Id="Microsoft.AspNetCore.TestHost" Version="6.0.0" />
  <Package Id="Microsoft.Authentication.WebAssembly.Msal" Version="6.0.0" />
  <Package Id="Microsoft.CodeAnalysis.Razor" Version="6.0.0" />
  <Package Id="Microsoft.dotnet-openapi" Version="6.0.0" />
  <Package Id="Microsoft.DotNet.Web.Client.ItemTemplates" Version="6.0.0" />
  <Package Id="Microsoft.DotNet.Web.ItemTemplates.6.0" Version="6.0.0" />
  <Package Id="Microsoft.DotNet.Web.ProjectTemplates.6.0" Version="6.0.0" />
  <Package Id="Microsoft.DotNet.Web.Spa.ProjectTemplates.6.0" Version="6.0.0" />
  <Package Id="Microsoft.Extensions.ApiDescription.Client" Version="6.0.0" />
  <Package Id="Microsoft.Extensions.ApiDescription.Server" Version="6.0.0" />
  <Package Id="Microsoft.Extensions.Caching.SqlServer" Version="6.0.0" />
  <Package Id="Microsoft.Extensions.Caching.StackExchangeRedis" Version="6.0.0" />
  <Package Id="Microsoft.Extensions.Configuration.KeyPerFile" Version="6.0.0" />
  <Package Id="Microsoft.Extensions.Diagnostics.HealthChecks" Version="6.0.0" />
  <Package Id="Microsoft.Extensions.Diagnostics.HealthChecks.Abstractions" Version="6.0.0" />
  <Package Id="Microsoft.Extensions.Diagnostics.HealthChecks.EntityFrameworkCore" Version="6.0.0" />
  <Package Id="Microsoft.Extensions.Features" Version="6.0.0" />
  <Package Id="Microsoft.Extensions.FileProviders.Embedded" Version="6.0.0" />
  <Package Id="Microsoft.Extensions.Http.Polly" Version="6.0.0" />
  <Package Id="Microsoft.Extensions.Identity.Core" Version="6.0.0" />
  <Package Id="Microsoft.Extensions.Identity.Stores" Version="6.0.0" />
  <Package Id="Microsoft.Extensions.Localization" Version="6.0.0" />
  <Package Id="Microsoft.Extensions.Localization.Abstractions" Version="6.0.0" />
  <Package Id="Microsoft.Extensions.Logging.AzureAppServices" Version="6.0.0" />
  <Package Id="Microsoft.Extensions.ObjectPool" Version="6.0.0" />
  <Package Id="Microsoft.Extensions.WebEncoders" Version="6.0.0" />
  <Package Id="Microsoft.JSInterop" Version="6.0.0" />
  <Package Id="Microsoft.JSInterop.WebAssembly" Version="6.0.0" />
</Baseline>
