<?xml version="1.0" encoding="utf-8"?>
<!--

  This file is used by automation to update Versions.props and may be used for other purposes, such as
  static analysis to determine the repo dependency graph.  It should only be modified manually when adding
  or removing dependencies. Updating versions should be done using the `darc` command line tool.

  See https://github.com/dotnet/arcade/blob/master/Documentation/Darc.md for instructions on using darc.
-->
<Dependencies>
  <ProductDependencies>
    <Dependency Name="dotnet-ef" Version="7.0.0-rc.1.22372.2">
      <Uri>https://github.com/dotnet/efcore</Uri>
      <Sha>8152d15aafda30657d623341631f52541400f6e3</Sha>
    </Dependency>
    <Dependency Name="Microsoft.EntityFrameworkCore.InMemory" Version="7.0.0-rc.1.22372.2">
      <Uri>https://github.com/dotnet/efcore</Uri>
      <Sha>8152d15aafda30657d623341631f52541400f6e3</Sha>
    </Dependency>
    <Dependency Name="Microsoft.EntityFrameworkCore.Relational" Version="7.0.0-rc.1.22372.2">
      <Uri>https://github.com/dotnet/efcore</Uri>
      <Sha>8152d15aafda30657d623341631f52541400f6e3</Sha>
    </Dependency>
    <Dependency Name="Microsoft.EntityFrameworkCore.Sqlite" Version="7.0.0-rc.1.22372.2">
      <Uri>https://github.com/dotnet/efcore</Uri>
      <Sha>8152d15aafda30657d623341631f52541400f6e3</Sha>
    </Dependency>
    <Dependency Name="Microsoft.EntityFrameworkCore.SqlServer" Version="7.0.0-rc.1.22372.2">
      <Uri>https://github.com/dotnet/efcore</Uri>
      <Sha>8152d15aafda30657d623341631f52541400f6e3</Sha>
    </Dependency>
    <Dependency Name="Microsoft.EntityFrameworkCore.Tools" Version="7.0.0-rc.1.22372.2">
      <Uri>https://github.com/dotnet/efcore</Uri>
      <Sha>8152d15aafda30657d623341631f52541400f6e3</Sha>
    </Dependency>
    <Dependency Name="Microsoft.EntityFrameworkCore" Version="7.0.0-rc.1.22372.2">
      <Uri>https://github.com/dotnet/efcore</Uri>
      <Sha>8152d15aafda30657d623341631f52541400f6e3</Sha>
    </Dependency>
    <Dependency Name="Microsoft.EntityFrameworkCore.Design" Version="7.0.0-rc.1.22372.2">
      <Uri>https://github.com/dotnet/efcore</Uri>
      <Sha>8152d15aafda30657d623341631f52541400f6e3</Sha>
    </Dependency>
    <Dependency Name="Microsoft.Extensions.Caching.Abstractions" Version="7.0.0-rc.1.22372.9">
      <Uri>https://github.com/dotnet/runtime</Uri>
      <Sha>d5b718faf093453fc31759578a0fbce104fd8ea1</Sha>
    </Dependency>
    <Dependency Name="Microsoft.Extensions.Caching.Memory" Version="7.0.0-rc.1.22372.9">
      <Uri>https://github.com/dotnet/runtime</Uri>
      <Sha>d5b718faf093453fc31759578a0fbce104fd8ea1</Sha>
    </Dependency>
    <Dependency Name="Microsoft.Extensions.Configuration.Abstractions" Version="7.0.0-rc.1.22372.9">
      <Uri>https://github.com/dotnet/runtime</Uri>
      <Sha>d5b718faf093453fc31759578a0fbce104fd8ea1</Sha>
    </Dependency>
    <Dependency Name="Microsoft.Extensions.Configuration.Binder" Version="7.0.0-rc.1.22372.9">
      <Uri>https://github.com/dotnet/runtime</Uri>
      <Sha>d5b718faf093453fc31759578a0fbce104fd8ea1</Sha>
    </Dependency>
    <Dependency Name="Microsoft.Extensions.Configuration.CommandLine" Version="7.0.0-rc.1.22372.9">
      <Uri>https://github.com/dotnet/runtime</Uri>
      <Sha>d5b718faf093453fc31759578a0fbce104fd8ea1</Sha>
    </Dependency>
    <Dependency Name="Microsoft.Extensions.Configuration.EnvironmentVariables" Version="7.0.0-rc.1.22372.9">
      <Uri>https://github.com/dotnet/runtime</Uri>
      <Sha>d5b718faf093453fc31759578a0fbce104fd8ea1</Sha>
    </Dependency>
    <Dependency Name="Microsoft.Extensions.Configuration.FileExtensions" Version="7.0.0-rc.1.22372.9">
      <Uri>https://github.com/dotnet/runtime</Uri>
      <Sha>d5b718faf093453fc31759578a0fbce104fd8ea1</Sha>
    </Dependency>
    <Dependency Name="Microsoft.Extensions.Configuration.Ini" Version="7.0.0-rc.1.22372.9">
      <Uri>https://github.com/dotnet/runtime</Uri>
      <Sha>d5b718faf093453fc31759578a0fbce104fd8ea1</Sha>
    </Dependency>
    <Dependency Name="Microsoft.Extensions.Configuration.Json" Version="7.0.0-rc.1.22372.9">
      <Uri>https://github.com/dotnet/runtime</Uri>
      <Sha>d5b718faf093453fc31759578a0fbce104fd8ea1</Sha>
    </Dependency>
    <Dependency Name="Microsoft.Extensions.Configuration.UserSecrets" Version="7.0.0-rc.1.22372.9">
      <Uri>https://github.com/dotnet/runtime</Uri>
      <Sha>d5b718faf093453fc31759578a0fbce104fd8ea1</Sha>
    </Dependency>
    <Dependency Name="Microsoft.Extensions.Configuration.Xml" Version="7.0.0-rc.1.22372.9">
      <Uri>https://github.com/dotnet/runtime</Uri>
      <Sha>d5b718faf093453fc31759578a0fbce104fd8ea1</Sha>
    </Dependency>
    <Dependency Name="Microsoft.Extensions.Configuration" Version="7.0.0-rc.1.22372.9">
      <Uri>https://github.com/dotnet/runtime</Uri>
      <Sha>d5b718faf093453fc31759578a0fbce104fd8ea1</Sha>
    </Dependency>
    <Dependency Name="Microsoft.Extensions.DependencyInjection.Abstractions" Version="7.0.0-rc.1.22372.9">
      <Uri>https://github.com/dotnet/runtime</Uri>
      <Sha>d5b718faf093453fc31759578a0fbce104fd8ea1</Sha>
    </Dependency>
    <Dependency Name="Microsoft.Extensions.DependencyInjection" Version="7.0.0-rc.1.22372.9">
      <Uri>https://github.com/dotnet/runtime</Uri>
      <Sha>d5b718faf093453fc31759578a0fbce104fd8ea1</Sha>
    </Dependency>
    <Dependency Name="Microsoft.Extensions.FileProviders.Abstractions" Version="7.0.0-rc.1.22372.9">
      <Uri>https://github.com/dotnet/runtime</Uri>
      <Sha>d5b718faf093453fc31759578a0fbce104fd8ea1</Sha>
    </Dependency>
    <Dependency Name="Microsoft.Extensions.FileProviders.Composite" Version="7.0.0-rc.1.22372.9">
      <Uri>https://github.com/dotnet/runtime</Uri>
      <Sha>d5b718faf093453fc31759578a0fbce104fd8ea1</Sha>
    </Dependency>
    <Dependency Name="Microsoft.Extensions.FileProviders.Physical" Version="7.0.0-rc.1.22372.9">
      <Uri>https://github.com/dotnet/runtime</Uri>
      <Sha>d5b718faf093453fc31759578a0fbce104fd8ea1</Sha>
    </Dependency>
    <Dependency Name="Microsoft.Extensions.FileSystemGlobbing" Version="7.0.0-rc.1.22372.9">
      <Uri>https://github.com/dotnet/runtime</Uri>
      <Sha>d5b718faf093453fc31759578a0fbce104fd8ea1</Sha>
    </Dependency>
    <Dependency Name="Microsoft.Extensions.HostFactoryResolver.Sources" Version="7.0.0-rc.1.22372.9">
      <Uri>https://github.com/dotnet/runtime</Uri>
      <Sha>d5b718faf093453fc31759578a0fbce104fd8ea1</Sha>
    </Dependency>
    <Dependency Name="Microsoft.Extensions.Hosting.Abstractions" Version="7.0.0-rc.1.22372.9">
      <Uri>https://github.com/dotnet/runtime</Uri>
      <Sha>d5b718faf093453fc31759578a0fbce104fd8ea1</Sha>
    </Dependency>
    <Dependency Name="Microsoft.Extensions.Hosting" Version="7.0.0-rc.1.22372.9">
      <Uri>https://github.com/dotnet/runtime</Uri>
      <Sha>d5b718faf093453fc31759578a0fbce104fd8ea1</Sha>
    </Dependency>
    <Dependency Name="Microsoft.Extensions.Http" Version="7.0.0-rc.1.22372.9">
      <Uri>https://github.com/dotnet/runtime</Uri>
      <Sha>d5b718faf093453fc31759578a0fbce104fd8ea1</Sha>
    </Dependency>
    <Dependency Name="Microsoft.Extensions.Logging.Abstractions" Version="7.0.0-rc.1.22372.9">
      <Uri>https://github.com/dotnet/runtime</Uri>
      <Sha>d5b718faf093453fc31759578a0fbce104fd8ea1</Sha>
    </Dependency>
    <Dependency Name="Microsoft.Extensions.Logging.Configuration" Version="7.0.0-rc.1.22372.9">
      <Uri>https://github.com/dotnet/runtime</Uri>
      <Sha>d5b718faf093453fc31759578a0fbce104fd8ea1</Sha>
    </Dependency>
    <Dependency Name="Microsoft.Extensions.Logging.Console" Version="7.0.0-rc.1.22372.9">
      <Uri>https://github.com/dotnet/runtime</Uri>
      <Sha>d5b718faf093453fc31759578a0fbce104fd8ea1</Sha>
    </Dependency>
    <Dependency Name="Microsoft.Extensions.Logging.Debug" Version="7.0.0-rc.1.22372.9">
      <Uri>https://github.com/dotnet/runtime</Uri>
      <Sha>d5b718faf093453fc31759578a0fbce104fd8ea1</Sha>
    </Dependency>
    <Dependency Name="Microsoft.Extensions.Logging.EventSource" Version="7.0.0-rc.1.22372.9">
      <Uri>https://github.com/dotnet/runtime</Uri>
      <Sha>d5b718faf093453fc31759578a0fbce104fd8ea1</Sha>
    </Dependency>
    <Dependency Name="Microsoft.Extensions.Logging.EventLog" Version="7.0.0-rc.1.22372.9">
      <Uri>https://github.com/dotnet/runtime</Uri>
      <Sha>d5b718faf093453fc31759578a0fbce104fd8ea1</Sha>
    </Dependency>
    <Dependency Name="Microsoft.Extensions.Logging.TraceSource" Version="7.0.0-rc.1.22372.9">
      <Uri>https://github.com/dotnet/runtime</Uri>
      <Sha>d5b718faf093453fc31759578a0fbce104fd8ea1</Sha>
    </Dependency>
    <Dependency Name="Microsoft.Extensions.Logging" Version="7.0.0-rc.1.22372.9">
      <Uri>https://github.com/dotnet/runtime</Uri>
      <Sha>d5b718faf093453fc31759578a0fbce104fd8ea1</Sha>
    </Dependency>
    <Dependency Name="Microsoft.Extensions.Options.ConfigurationExtensions" Version="7.0.0-rc.1.22372.9">
      <Uri>https://github.com/dotnet/runtime</Uri>
      <Sha>d5b718faf093453fc31759578a0fbce104fd8ea1</Sha>
    </Dependency>
    <Dependency Name="Microsoft.Extensions.Options.DataAnnotations" Version="7.0.0-rc.1.22372.9">
      <Uri>https://github.com/dotnet/runtime</Uri>
      <Sha>d5b718faf093453fc31759578a0fbce104fd8ea1</Sha>
    </Dependency>
    <Dependency Name="Microsoft.Extensions.Options" Version="7.0.0-rc.1.22372.9">
      <Uri>https://github.com/dotnet/runtime</Uri>
      <Sha>d5b718faf093453fc31759578a0fbce104fd8ea1</Sha>
    </Dependency>
    <Dependency Name="Microsoft.Extensions.Primitives" Version="7.0.0-rc.1.22372.9">
      <Uri>https://github.com/dotnet/runtime</Uri>
      <Sha>d5b718faf093453fc31759578a0fbce104fd8ea1</Sha>
    </Dependency>
    <Dependency Name="Microsoft.Internal.Runtime.AspNetCore.Transport" Version="7.0.0-rc.1.22372.9">
      <Uri>https://github.com/dotnet/runtime</Uri>
      <Sha>d5b718faf093453fc31759578a0fbce104fd8ea1</Sha>
    </Dependency>
    <Dependency Name="Microsoft.SourceBuild.Intermediate.source-build-externals" Version="7.0.0-alpha.1.22369.2">
      <Uri>https://github.com/dotnet/source-build-externals</Uri>
      <Sha>3a88d1dbd4557702aa2cb89d5f8bf927bb263a3b</Sha>
      <SourceBuild RepoName="source-build-externals" ManagedOnly="true" />
    </Dependency>
    <Dependency Name="System.Configuration.ConfigurationManager" Version="7.0.0-rc.1.22372.9">
      <Uri>https://github.com/dotnet/runtime</Uri>
      <Sha>d5b718faf093453fc31759578a0fbce104fd8ea1</Sha>
    </Dependency>
    <Dependency Name="System.Diagnostics.DiagnosticSource" Version="7.0.0-rc.1.22372.9">
      <Uri>https://github.com/dotnet/runtime</Uri>
      <Sha>d5b718faf093453fc31759578a0fbce104fd8ea1</Sha>
    </Dependency>
    <Dependency Name="System.Diagnostics.EventLog" Version="7.0.0-rc.1.22372.9">
      <Uri>https://github.com/dotnet/runtime</Uri>
      <Sha>d5b718faf093453fc31759578a0fbce104fd8ea1</Sha>
    </Dependency>
    <Dependency Name="System.DirectoryServices.Protocols" Version="7.0.0-rc.1.22372.9">
      <Uri>https://github.com/dotnet/runtime</Uri>
      <Sha>d5b718faf093453fc31759578a0fbce104fd8ea1</Sha>
    </Dependency>
    <Dependency Name="System.IO.Pipelines" Version="7.0.0-rc.1.22372.9">
      <Uri>https://github.com/dotnet/runtime</Uri>
      <Sha>d5b718faf093453fc31759578a0fbce104fd8ea1</Sha>
    </Dependency>
    <Dependency Name="System.Net.Http.Json" Version="7.0.0-rc.1.22372.9">
      <Uri>https://github.com/dotnet/runtime</Uri>
      <Sha>d5b718faf093453fc31759578a0fbce104fd8ea1</Sha>
    </Dependency>
    <Dependency Name="System.Net.Http.WinHttpHandler" Version="7.0.0-rc.1.22372.9">
      <Uri>https://github.com/dotnet/runtime</Uri>
      <Sha>d5b718faf093453fc31759578a0fbce104fd8ea1</Sha>
    </Dependency>
    <Dependency Name="System.Reflection.Metadata" Version="7.0.0-rc.1.22372.9">
      <Uri>https://github.com/dotnet/runtime</Uri>
      <Sha>d5b718faf093453fc31759578a0fbce104fd8ea1</Sha>
    </Dependency>
    <Dependency Name="System.Resources.Extensions" Version="7.0.0-rc.1.22372.9">
      <Uri>https://github.com/dotnet/runtime</Uri>
      <Sha>d5b718faf093453fc31759578a0fbce104fd8ea1</Sha>
    </Dependency>
    <Dependency Name="System.Security.Cryptography.Pkcs" Version="7.0.0-rc.1.22372.9">
      <Uri>https://github.com/dotnet/runtime</Uri>
      <Sha>d5b718faf093453fc31759578a0fbce104fd8ea1</Sha>
    </Dependency>
    <Dependency Name="System.Security.Cryptography.Xml" Version="7.0.0-rc.1.22372.9">
      <Uri>https://github.com/dotnet/runtime</Uri>
      <Sha>d5b718faf093453fc31759578a0fbce104fd8ea1</Sha>
    </Dependency>
    <Dependency Name="System.Security.Permissions" Version="7.0.0-rc.1.22372.9">
      <Uri>https://github.com/dotnet/runtime</Uri>
      <Sha>d5b718faf093453fc31759578a0fbce104fd8ea1</Sha>
    </Dependency>
    <Dependency Name="System.ServiceProcess.ServiceController" Version="7.0.0-rc.1.22372.9">
      <Uri>https://github.com/dotnet/runtime</Uri>
      <Sha>d5b718faf093453fc31759578a0fbce104fd8ea1</Sha>
    </Dependency>
    <Dependency Name="System.Text.Encodings.Web" Version="7.0.0-rc.1.22372.9">
      <Uri>https://github.com/dotnet/runtime</Uri>
      <Sha>d5b718faf093453fc31759578a0fbce104fd8ea1</Sha>
    </Dependency>
    <Dependency Name="System.Text.Json" Version="7.0.0-rc.1.22372.9">
      <Uri>https://github.com/dotnet/runtime</Uri>
      <Sha>d5b718faf093453fc31759578a0fbce104fd8ea1</Sha>
    </Dependency>
    <Dependency Name="System.Threading.AccessControl" Version="7.0.0-rc.1.22372.9">
      <Uri>https://github.com/dotnet/runtime</Uri>
      <Sha>d5b718faf093453fc31759578a0fbce104fd8ea1</Sha>
    </Dependency>
    <Dependency Name="System.Threading.Channels" Version="7.0.0-rc.1.22372.9">
      <Uri>https://github.com/dotnet/runtime</Uri>
      <Sha>d5b718faf093453fc31759578a0fbce104fd8ea1</Sha>
    </Dependency>
    <Dependency Name="System.Threading.RateLimiting" Version="7.0.0-rc.1.22372.9">
      <Uri>https://github.com/dotnet/runtime</Uri>
      <Sha>d5b718faf093453fc31759578a0fbce104fd8ea1</Sha>
    </Dependency>
    <Dependency Name="Microsoft.Extensions.DependencyModel" Version="7.0.0-rc.1.22372.9">
      <Uri>https://github.com/dotnet/runtime</Uri>
      <Sha>d5b718faf093453fc31759578a0fbce104fd8ea1</Sha>
    </Dependency>
    <Dependency Name="Microsoft.NETCore.App.Ref" Version="7.0.0-rc.1.22372.9">
      <Uri>https://github.com/dotnet/runtime</Uri>
      <Sha>d5b718faf093453fc31759578a0fbce104fd8ea1</Sha>
    </Dependency>
    <Dependency Name="Microsoft.NET.Runtime.MonoAOTCompiler.Task" Version="7.0.0-rc.1.22372.9">
      <Uri>https://github.com/dotnet/runtime</Uri>
      <Sha>d5b718faf093453fc31759578a0fbce104fd8ea1</Sha>
    </Dependency>
    <Dependency Name="Microsoft.NET.Runtime.WebAssembly.Sdk" Version="7.0.0-rc.1.22372.9">
      <Uri>https://github.com/dotnet/runtime</Uri>
      <Sha>d5b718faf093453fc31759578a0fbce104fd8ea1</Sha>
    </Dependency>
    <!--
         Win-x64 is used here because we have picked an arbitrary runtime identifier to flow the version of the latest NETCore.App runtime.
         All Runtime.$rid packages should have the same version.
    -->
    <Dependency Name="Microsoft.NETCore.App.Runtime.win-x64" Version="7.0.0-rc.1.22372.9">
      <Uri>https://github.com/dotnet/runtime</Uri>
      <Sha>d5b718faf093453fc31759578a0fbce104fd8ea1</Sha>
    </Dependency>
    <Dependency Name="Microsoft.NETCore.App.Runtime.AOT.win-x64.Cross.browser-wasm" Version="7.0.0-rc.1.22372.9">
      <Uri>https://github.com/dotnet/runtime</Uri>
      <Sha>d5b718faf093453fc31759578a0fbce104fd8ea1</Sha>
    </Dependency>
    <Dependency Name="Microsoft.NETCore.BrowserDebugHost.Transport" Version="7.0.0-rc.1.22372.9">
      <Uri>https://github.com/dotnet/runtime</Uri>
      <Sha>d5b718faf093453fc31759578a0fbce104fd8ea1</Sha>
    </Dependency>
  </ProductDependencies>
  <ToolsetDependencies>
    <!-- Listed explicitly to workaround https://github.com/dotnet/cli/issues/10528 -->
    <Dependency Name="Microsoft.NETCore.Platforms" Version="7.0.0-rc.1.22372.9">
      <Uri>https://github.com/dotnet/runtime</Uri>
      <Sha>d5b718faf093453fc31759578a0fbce104fd8ea1</Sha>
    </Dependency>
    <Dependency Name="Microsoft.DotNet.Arcade.Sdk" Version="7.0.0-beta.22367.1">
      <Uri>https://github.com/dotnet/arcade</Uri>
      <Sha>f7951a64db920ea599bd6819065b661d88d26b23</Sha>
      <SourceBuild RepoName="arcade" ManagedOnly="true" />
    </Dependency>
    <Dependency Name="Microsoft.DotNet.Build.Tasks.Installers" Version="7.0.0-beta.22367.1">
      <Uri>https://github.com/dotnet/arcade</Uri>
      <Sha>f7951a64db920ea599bd6819065b661d88d26b23</Sha>
    </Dependency>
    <Dependency Name="Microsoft.DotNet.Build.Tasks.Templating" Version="7.0.0-beta.22367.1">
      <Uri>https://github.com/dotnet/arcade</Uri>
      <Sha>f7951a64db920ea599bd6819065b661d88d26b23</Sha>
    </Dependency>
    <Dependency Name="Microsoft.DotNet.Helix.Sdk" Version="7.0.0-beta.22367.1">
      <Uri>https://github.com/dotnet/arcade</Uri>
      <Sha>f7951a64db920ea599bd6819065b661d88d26b23</Sha>
    </Dependency>
  </ToolsetDependencies>
</Dependencies>
