{
  "sdk": {
    "version": "7.0.100-rc.1.22368.21"
  },
  "tools": {
    "dotnet": "7.0.100-rc.1.22368.21",
    "runtimes": {
      "dotnet/x86": [
        "$(MicrosoftNETCoreBrowserDebugHostTransportVersion)"
      ],
      "dotnet": [
        "$(MicrosoftNETCoreBrowserDebugHostTransportVersion)"
      ]
    },
    "Git": "2.22.0",
    "jdk": "11.0.3",
    "vs": {
      "version": "17.2",
      "components": [
        "Microsoft.VisualStudio.Component.VC.ATL",
        "Microsoft.VisualStudio.Component.VC.ATL.ARM64",
        "Microsoft.VisualStudio.Component.VC.Tools.ARM64",
        "Microsoft.VisualStudio.Component.VC.Tools.x86.x64"
      ]
    },
    "xcopy-msbuild": "17.1.0"
  },
  "msbuild-sdks": {
    "Yarn.MSBuild": "1.22.10",
    "Microsoft.DotNet.Arcade.Sdk": "7.0.0-beta.22367.1",
    "Microsoft.DotNet.Helix.Sdk": "7.0.0-beta.22367.1"
  }
}
